Link,keyword
http://jobview.monster.com/director-data-scientist-boston-ma-job-boston-ma-us-174047143.aspx?mescoid=1100011001001&jobPosition=1,data scientist
http://jobview.monster.com/v2/job/View?JobID=173940453&MESCOID=1500152001001&jobPosition=1,data scientist
http://jobview.monster.com/consulting-data-scientist-job-charlotte-nc-us-173969790.aspx?mescoid=1500152001001&jobPosition=1,data scientist
http://jobview.monster.com/data-scientist-macys-com-job-san-francisco-ca-us-173924876.aspx?mescoid=1500152001001&jobPosition=1,data scientist
http://jobview.monster.com/data-scientist-visualization-job-san-jose-ca-us-173441019.aspx?mescoid=1500152001001&jobPosition=1,data scientist
http://jobview.monster.com/data-scientist-metals-mining-job-seattle-wa-us-172113059.aspx?mescoid=1500152001001&jobPosition=1,data scientist
http://jobview.monster.com/senior-big-data-scientist-job-plano-tx-us-174061930.aspx?mescoid=1500152001001&jobPosition=2,data scientist
http://jobview.monster.com/data-scientist-amazon-advertising-platform-job-seattle-wa-us-173141655.aspx?mescoid=1500152001001&jobPosition=2,data scientist
http://jobview.monster.com/senior-big-data-scientist-job-plano-tx-us-174061930.aspx?mescoid=1500152001001&jobPosition=2,data scientist
http://jobview.monster.com/data-scientist-job-st.-louis-mo-us-174087722.aspx?mescoid=1500152001001&jobPosition=2,data scientist
http://jobview.monster.com/v2/job/View?JobID=174056143&MESCOID=1500152001001&jobPosition=2,data scientist
http://jobview.monster.com/data-scientist-job-redmond-wa-us-174079813.aspx?mescoid=1500152001001&jobPosition=2,data scientist
http://jobview.monster.com/data-scientist-job-fort-worth-tx-us-173777697.aspx?mescoid=1500152001001&jobPosition=2,data scientist
http://jobview.monster.com/data-scientist-job-mountain-view-ca-us-173785101.aspx?mescoid=1500152001001&jobPosition=2,data scientist
http://jobview.monster.com/machine-learning-data-scientist-job-santa-clara-ca-us-173664842.aspx?mescoid=1500152001001&jobPosition=2,data scientist
http://jobview.monster.com/principal-big-data-scientist-job-plano-tx-us-173702160.aspx?mescoid=1500152001001&jobPosition=2,data scientist
http://jobview.monster.com/data-scientist-job-redmond-wa-us-174079813.aspx?mescoid=1500152001001&jobPosition=2,data scientist
http://jobview.monster.com/v2/job/View?JobID=173970754&MESCOID=1500152001001&jobPosition=2,data scientist
http://jobview.monster.com/v2/job/View?JobID=171919924&MESCOID=1500152001001&jobPosition=2,data scientist
http://jobview.monster.com/data-scientist-job-fort-worth-tx-us-173777697.aspx?mescoid=1500152001001&jobPosition=2,data scientist
http://jobview.monster.com/data-scientist-job-mountain-view-ca-us-173785101.aspx?mescoid=1500152001001&jobPosition=2,data scientist
http://jobview.monster.com/machine-learning-data-scientist-job-santa-clara-ca-us-173664842.aspx?mescoid=1500152001001&jobPosition=2,data scientist
http://jobview.monster.com/data-scientist-r-sas-python-hadoop-hive-big-data-job-short-hills-nj-us-173702648.aspx?mescoid=1500152001001&jobPosition=2,data scientist
http://jobview.monster.com/sr-data-scientist-job-sunnyvale-ca-us-173604325.aspx?mescoid=1500152001001&jobPosition=2,data scientist
http://jobview.monster.com/v2/job/View?JobID=173538247&MESCOID=1500152001001&jobPosition=2,data scientist
http://jobview.monster.com/v2/job/View?JobID=174080751&MESCOID=1500128001001&jobPosition=1,data engineer
http://jobview.monster.com/mission-data-file-systems-engineer-job-wayne-nj-us-173494012.aspx?mescoid=1500131001001&jobPosition=1,data engineer
http://jobview.monster.com/v2/job/View?JobID=170955095&MESCOID=1500127001001&jobPosition=1,data engineer
http://jobview.monster.com/v2/job/View?JobID=173217604&MESCOID=1500127001001&jobPosition=1,data engineer
http://jobview.monster.com/big-data-cloud-support-engineer-job-seattle-wa-us-171201908.aspx?mescoid=1700190001001&jobPosition=1,data engineer
http://jobview.monster.com/deep-learning-data-pipeline-application-engineer-job-santa-clara-ca-us-172495825.aspx?mescoid=1500127001001&jobPosition=1,data engineer
http://jobview.monster.com/lead-sales-engineer-data-centers-job-herndon-va-us-173423834.aspx?mescoid=1500143001001&jobPosition=1,data engineer
http://jobview.monster.com/v2/job/View?JobID=169748114&MESCOID=1500127001001&jobPosition=1,data engineer
http://jobview.monster.com/data-bi-engineer-job-menlo-park-ca-us-173302112.aspx?mescoid=1500127001001&jobPosition=1,data engineer
http://jobview.monster.com/v2/job/View?JobID=173707289&MESCOID=1500127001001&jobPosition=1,data engineer
http://jobview.monster.com/v2/job/View?JobID=173313876&MESCOID=1500127001001&jobPosition=1,data engineer
http://jobview.monster.com/v2/job/View?JobID=173573962&MESCOID=1500127001001&jobPosition=1,data engineer
http://jobview.monster.com/v2/job/View?JobID=173557122&MESCOID=1500131001001&jobPosition=1,data engineer
http://jobview.monster.com/v2/job/View?JobID=173542247&MESCOID=1500143001001&jobPosition=1,data engineer
http://jobview.monster.com/data-warehouse-senior-engineer-job-omaha-ne-us-173109549.aspx?mescoid=1500143001001&jobPosition=1,data engineer
http://careers.eliassen.com/job/ELIAA005M1770/Sr-Data-Engineer?jobsource=MonsterPPC&rx_campaign=monster126&rx_group=100076&rx_job=259555&rx_medium=cpc&rx_source=Monster,data engineer
http://jobview.monster.com/sr-member-of-technical-staff-big-data-analytics-radio-access-networks-job-redmond-wa-us-173853783.aspx?mescoid=1500127001001&jobPosition=2,data engineer
http://jobview.monster.com/data-services-developer-sql-bi-job-farmington-hills-mi-us-167587705.aspx?mescoid=1500131001001&jobPosition=2,data engineer
http://jobview.monster.com/developer-big-data-470752-job-bellevue-wa-us-171278328.aspx?mescoid=1500127001001&jobPosition=2,data engineer
http://jobview.monster.com/sap-developer-data-services-information-steward-job-san-antonio-tx-us-173858235.aspx?mescoid=1500131001001&jobPosition=2,data engineer
http://jobview.monster.com/talend-big-data-developer-job-deerfield-il-us-171917475.aspx?mescoid=1500127001001&jobPosition=2,data engineer
http://jobview.monster.com/v2/job/View?JobID=172351228&MESCOID=1500127001001&jobPosition=2,data engineer
http://jobview.monster.com/developer-etl-data-warehouse-job-sacramento-ca-us-174085871.aspx?mescoid=1500143001001&jobPosition=2,data engineer
http://jobview.monster.com/apps-systems-engineer-4-ab-initio-meta-data-hub-developer-job-fremont-ca-us-173484018.aspx?mescoid=1500127001001&jobPosition=2,data engineer
http://jobview.monster.com/v2/job/View?JobID=173664516&MESCOID=1500131001001&jobPosition=2,data engineer
http://jobview.monster.com/v2/job/View?JobID=173415312&MESCOID=1500127001001&jobPosition=1,big data engineer
http://jobview.monster.com/big-data-cloud-support-engineer-job-seattle-wa-us-171201908.aspx?mescoid=1700190001001&jobPosition=1,big data engineer
http://jobview.monster.com/v2/job/View?JobID=170955095&MESCOID=1500127001001&jobPosition=1,big data engineer
http://jobview.monster.com/hadoop-big-data-engineer-job-detroit-mi-us-171253709.aspx?mescoid=1500127001001&jobPosition=1,big data engineer
http://jobview.monster.com/java-hadoop-big-data-engineer-job-tampa-fl-us-171946221.aspx?mescoid=1500127001001&jobPosition=1,big data engineer
http://careers.eliassen.com/job/ELIAA005M1769/Sr-Data-Engineer--Big-Data-Machine-Learning?jobsource=MonsterPPC&rx_campaign=monster126&rx_group=100076&rx_job=259554&rx_medium=cpc&rx_source=Monster,big data engineer
http://jobview.monster.com/v2/job/View?JobID=173664516&MESCOID=1500131001001&jobPosition=2,big data engineer
http://jobview.monster.com/senior-software-engineer-big-data-job-vancouver-wa-us-171849339.aspx?mescoid=1500127001001&jobPosition=2,big data engineer
http://jobview.monster.com/v2/job/View?JobID=174051207&MESCOID=1500127001001&jobPosition=2,big data engineer
http://jobview.monster.com/v2/job/View?JobID=173719405&MESCOID=1500127001001&jobPosition=2,big data engineer
http://jobview.monster.com/senior-big-data-software-engineer-job-plano-tx-us-173227825.aspx?mescoid=1500127001001&jobPosition=2,big data engineer
http://jobview.monster.com/talend-big-data-developer-job-deerfield-il-us-171917475.aspx?mescoid=1500127001001&jobPosition=2,big data engineer
http://jobview.monster.com/developer-big-data-470752-job-bellevue-wa-us-171278328.aspx?mescoid=1500127001001&jobPosition=2,big data engineer
http://jobview.monster.com/v2/job/View?JobID=172455904&MESCOID=1500127001001&jobPosition=2,big data engineer
http://jobview.monster.com/v2/job/View?JobID=171903457&MESCOID=1500127001001&jobPosition=2,big data engineer
http://jobview.monster.com/v2/job/View?JobID=172852562&MESCOID=1500127001001&jobPosition=2,big data engineer
http://jobview.monster.com/big-data-engineer-job-boston-ma-us-173863079.aspx?mescoid=1500127001001&jobPosition=2,big data engineer
http://jobview.monster.com/sr-member-of-technical-staff-big-data-analytics-radio-access-networks-job-san-ramon-ca-us-173853774.aspx?mescoid=1500127001001&jobPosition=2,big data engineer
http://jobview.monster.com/v2/job/View?JobID=173970786&MESCOID=1500127001001&jobPosition=2,big data engineer
http://jobview.monster.com/v2/job/View?JobID=147788008&MESCOID=1500127001001&jobPosition=2,big data engineer
http://jobview.monster.com/v2/job/View?JobID=173826168&MESCOID=1500127001001&jobPosition=2,big data engineer
http://jobview.monster.com/v2/job/View?JobID=173557400&MESCOID=1500125001001&jobPosition=2,big data engineer
https://level3.taleo.net/careersection/2/jobdetail.ftl?job=36683&lang=en&source=JB-10140&aasi=5,big data engineer
http://jobview.monster.com/big-data-cloud-analytics-engineer-job-st.-louis-mo-us-173970840.aspx?mescoid=1500127001001&jobPosition=3,big data engineer
http://jobview.monster.com/v2/job/View?JobID=171837225&MESCOID=1500127001001&jobPosition=3,big data engineer
http://jobview.monster.com/v2/job/View?JobID=173411105&MESCOID=1900267001001&jobPosition=1,Machine Learning Scientist
http://jobview.monster.com/sr-machine-learning-scientist-job-seattle-wa-us-173244813.aspx?mescoid=1900267001001&jobPosition=1,Machine Learning Scientist
http://jobview.monster.com/machine-learning-scientist-browse-classification-job-seattle-wa-us-171859320.aspx?mescoid=1900267001001&jobPosition=1,Machine Learning Scientist
http://jobview.monster.com/v2/job/View?JobID=171919924&MESCOID=1500152001001&jobPosition=1,Machine Learning Scientist
http://jobview.monster.com/machine-learning-data-scientist-job-santa-clara-ca-us-173664842.aspx?mescoid=1500152001001&jobPosition=1,Machine Learning Scientist
http://job-openings.monster.com/monster/862e7d86-05f2-42f4-ae60-ec29d6a31306?mescoid=1900267001001&jobPosition=5#,Machine Learning Scientist
http://jobview.monster.com/v2/job/View?JobID=173865111&MESCOID=1500152001001&jobPosition=6,Machine Learning Scientist
http://jobview.monster.com/data-scientist-macys-com-job-san-francisco-ca-us-173924876.aspx?mescoid=1500152001001&jobPosition=6,Machine Learning Scientist
http://jobview.monster.com/consulting-data-scientist-job-charlotte-nc-us-173969790.aspx?mescoid=1500152001001&jobPosition=6,Machine Learning Scientist
http://jobview.monster.com/director-data-scientist-boston-ma-job-boston-ma-us-174047143.aspx?mescoid=1100011001001&jobPosition=6,Machine Learning Scientist
http://jobview.monster.com/data-scientist-metals-mining-job-seattle-wa-us-172113059.aspx?mescoid=1500152001001&jobPosition=6,Machine Learning Scientist
https://sjobs.brassring.com/TGWEbHost/jobdetails.aspx?siteid=5149&partnerid=25779&areq=69606BR&codes=INT-Monster,Machine Learning Scientist
http://jobview.monster.com/data-scientist-job-fort-worth-tx-us-173777697.aspx?mescoid=1500152001001&jobPosition=7,Machine Learning Scientist
http://jobview.monster.com/v2/job/View?JobID=173329479&MESCOID=1500152001001&jobPosition=7,Machine Learning Scientist
http://jobview.monster.com/v2/job/View?JobID=172852616&MESCOID=1500152001001&jobPosition=7,Machine Learning Scientist
http://jobview.monster.com/v2/job/View?JobID=172455899&MESCOID=1500152001001&jobPosition=7,Machine Learning Scientist
http://jobview.monster.com/v2/job/View?JobID=173970754&MESCOID=1500152001001&jobPosition=7,Machine Learning Scientist
http://jobview.monster.com/principal-data-scientist-big-data-job-plano-tx-us-171952369.aspx?mescoid=1500152001001&jobPosition=7,Machine Learning Scientist
http://jobview.monster.com/data-scientist-job-dallas-tx-us-172734294.aspx?mescoid=1500152001001&jobPosition=7,Machine Learning Scientist
http://jobview.monster.com/v2/job/View?JobID=171462432&MESCOID=1500152001001&jobPosition=7,Machine Learning Scientist
http://jobview.monster.com/v2/job/View?JobID=155634869&MESCOID=1500152001001&jobPosition=7,Machine Learning Scientist
http://jobview.monster.com/sr-data-scientist-job-bellevue-wa-us-172188023.aspx?mescoid=1500152001001&jobPosition=7,Machine Learning Scientist
http://jobview.monster.com/principal-big-data-scientist-job-plano-tx-us-173702160.aspx?mescoid=1500152001001&jobPosition=7,Machine Learning Scientist
http://jobview.monster.com/senior-data-scientist-job-seattle-wa-us-173311978.aspx?mescoid=1500152001001&jobPosition=7,Machine Learning Scientist
http://jobview.monster.com/data-scientist-news-job-cupertino-ca-us-173322703.aspx?mescoid=1500152001001&jobPosition=7,Machine Learning Scientist
